Workbook

Sheet Dashboard
A1: Calorie & Macro Tracker
A2: Track daily food intake in grams. Protein, fats, carbohydrates, and calories compute automatically from the Food Database.
A4: Client Profile | D4: Macro Distribution | G4: Daily Targets (g) | I4: Per Meal Target (g)
A5: Client Name | D5: Carbohydrates | E5: 0.5 | G5: Carbohydrates | H5: =IFERROR($B$8*$E$5/4,0) -> 225 | I5: Carbohydrates | J5: =IFERROR($H$5/$B$9,0) -> 56.25
A6: Age | D6: Protein | E6: 0.2 | G6: Protein | H6: =IFERROR($B$8*$E$6/4,0) -> 90 | I6: Protein | J6: =IFERROR($H$6/$B$9,0) -> 22.5
A7: Weight (kg) | D7: Fats | E7: 0.3 | G7: Fats | H7: =IFERROR($B$8*$E$7/9,0) -> 60 | I7: Fats | J7: =IFERROR($H$7/$B$9,0) -> 15
A8: Daily Calorie Target | B8: 1800 | D8: Total | E8: =SUM(E5:E7) -> 1
A9: Meals per Day | B9: 4
A11: Daily Intake Summary
A12: Selected Date | B12: =TODAY() -> 46217 | D12: Daily Calorie Target | E12: =$B$8 -> 1800 | G12: Calories Consumed | H12: =SUMIFS('Meal Tracker'!$H$6:$H$105,'Meal Tracker'!$A$6:$A$105,$B$12) -> 0
A13: Calories Remaining | B13: =E12-H12 -> 1800
A14: Nutrient | B14: Target (g / kcal) | C14: Consumed | D14: Remaining | E14: Progress | G14: Quick reminder 1. Enter each food item and serving size in grams on the Meal Tracker. 2. Select the date above to view that day's intake totals. 3. Add or edit foods and nutrition values in the Food Database when needed.
A15: Carbohydrates | B15: =$H$5 -> 225 | C15: =SUMIFS('Meal Tracker'!$G$6:$G$105,'Meal Tracker'!$A$6:$A$105,$B$12) -> 0 | D15: =B15-C15 -> 225 | E15: =IFERROR(C15/B15,0) -> 0
A16: Protein | B16: =$H$6 -> 90 | C16: =SUMIFS('Meal Tracker'!$E$6:$E$105,'Meal Tracker'!$A$6:$A$105,$B$12) -> 0 | D16: =B16-C16 -> 90 | E16: =IFERROR(C16/B16,0) -> 0
A17: Fats | B17: =$H$7 -> 60 | C17: =SUMIFS('Meal Tracker'!$F$6:$F$105,'Meal Tracker'!$A$6:$A$105,$B$12) -> 0 | D17: =B17-C17 -> 60 | E17: =IFERROR(C17/B17,0) -> 0
A18: Calories | B18: =$B$8 -> 1800 | C18: =SUMIFS('Meal Tracker'!$H$6:$H$105,'Meal Tracker'!$A$6:$A$105,$B$12) -> 0 | D18: =B18-C18 -> 1800 | E18: =IFERROR(C18/B18,0) -> 0

Sheet Meal Tracker
A1: Meal Tracker
A2: Fill in Date, Meal, Food Item, and Serving (g). The macro and calorie columns calculate automatically. Only type in the white input cells.
A3: Tip: Choose food items from the dropdown list. To add a missing food, enter it in the Food Database sheet first.
A5: Date | B5: Meal | C5: Food Item | D5: Serving (g) | E5: Protein (g) | F5: Fats (g) | G5: Carbs (g) | H5: Calories | I5: Notes
E6: =IF(OR(C6="",D6=""),"",IFERROR(D6/100*VLOOKUP(C6,'Food Database'!$A$6:$F$105,3,FALSE),"")) | F6: =IF(OR(C6="",D6=""),"",IFERROR(D6/100*VLOOKUP(C6,'Food Database'!$A$6:$F$105,5,FALSE),"")) | G6: =IF(OR(C6="",D6=""),"",IFERROR(D6/100*VLOOKUP(C6,'Food Database'!$A$6:$F$105,4,FALSE),"")) | H6: =IF(OR(C6="",D6=""),"",IFERROR(D6/100*VLOOKUP(C6,'Food Database'!$A$6:$F$105,6,FALSE),""))
E7: =IF(OR(C7="",D7=""),"",IFERROR(D7/100*VLOOKUP(C7,'Food Database'!$A$6:$F$105,3,FALSE),"")) | F7: =IF(OR(C7="",D7=""),"",IFERROR(D7/100*VLOOKUP(C7,'Food Database'!$A$6:$F$105,5,FALSE),"")) | G7: =IF(OR(C7="",D7=""),"",IFERROR(D7/100*VLOOKUP(C7,'Food Database'!$A$6:$F$105,4,FALSE),"")) | H7: =IF(OR(C7="",D7=""),"",IFERROR(D7/100*VLOOKUP(C7,'Food Database'!$A$6:$F$105,6,FALSE),""))
E8: =IF(OR(C8="",D8=""),"",IFERROR(D8/100*VLOOKUP(C8,'Food Database'!$A$6:$F$105,3,FALSE),"")) | F8: =IF(OR(C8="",D8=""),"",IFERROR(D8/100*VLOOKUP(C8,'Food Database'!$A$6:$F$105,5,FALSE),"")) | G8: =IF(OR(C8="",D8=""),"",IFERROR(D8/100*VLOOKUP(C8,'Food Database'!$A$6:$F$105,4,FALSE),"")) | H8: =IF(OR(C8="",D8=""),"",IFERROR(D8/100*VLOOKUP(C8,'Food Database'!$A$6:$F$105,6,FALSE),""))
E9: =IF(OR(C9="",D9=""),"",IFERROR(D9/100*VLOOKUP(C9,'Food Database'!$A$6:$F$105,3,FALSE),"")) | F9: =IF(OR(C9="",D9=""),"",IFERROR(D9/100*VLOOKUP(C9,'Food Database'!$A$6:$F$105,5,FALSE),"")) | G9: =IF(OR(C9="",D9=""),"",IFERROR(D9/100*VLOOKUP(C9,'Food Database'!$A$6:$F$105,4,FALSE),"")) | H9: =IF(OR(C9="",D9=""),"",IFERROR(D9/100*VLOOKUP(C9,'Food Database'!$A$6:$F$105,6,FALSE),""))
E10: =IF(OR(C10="",D10=""),"",IFERROR(D10/100*VLOOKUP(C10,'Food Database'!$A$6:$F$105,3,FALSE),"")) | F10: =IF(OR(C10="",D10=""),"",IFERROR(D10/100*VLOOKUP(C10,'Food Database'!$A$6:$F$105,5,FALSE),"")) | G10: =IF(OR(C10="",D10=""),"",IFERROR(D10/100*VLOOKUP(C10,'Food Database'!$A$6:$F$105,4,FALSE),"")) | H10: =IF(OR(C10="",D10=""),"",IFERROR(D10/100*VLOOKUP(C10,'Food Database'!$A$6:$F$105,6,FALSE),""))
E11: =IF(OR(C11="",D11=""),"",IFERROR(D11/100*VLOOKUP(C11,'Food Database'!$A$6:$F$105,3,FALSE),"")) | F11: =IF(OR(C11="",D11=""),"",IFERROR(D11/100*VLOOKUP(C11,'Food Database'!$A$6:$F$105,5,FALSE),"")) | G11: =IF(OR(C11="",D11=""),"",IFERROR(D11/100*VLOOKUP(C11,'Food Database'!$A$6:$F$105,4,FALSE),"")) | H11: =IF(OR(C11="",D11=""),"",IFERROR(D11/100*VLOOKUP(C11,'Food Database'!$A$6:$F$105,6,FALSE),""))
E12: =IF(OR(C12="",D12=""),"",IFERROR(D12/100*VLOOKUP(C12,'Food Database'!$A$6:$F$105,3,FALSE),"")) | F12: =IF(OR(C12="",D12=""),"",IFERROR(D12/100*VLOOKUP(C12,'Food Database'!$A$6:$F$105,5,FALSE),"")) | G12: =IF(OR(C12="",D12=""),"",IFERROR(D12/100*VLOOKUP(C12,'Food Database'!$A$6:$F$105,4,FALSE),"")) | H12: =IF(OR(C12="",D12=""),"",IFERROR(D12/100*VLOOKUP(C12,'Food Database'!$A$6:$F$105,6,FALSE),""))
E13: =IF(OR(C13="",D13=""),"",IFERROR(D13/100*VLOOKUP(C13,'Food Database'!$A$6:$F$105,3,FALSE),"")) | F13: =IF(OR(C13="",D13=""),"",IFERROR(D13/100*VLOOKUP(C13,'Food Database'!$A$6:$F$105,5,FALSE),"")) | G13: =IF(OR(C13="",D13=""),"",IFERROR(D13/100*VLOOKUP(C13,'Food Database'!$A$6:$F$105,4,FALSE),"")) | H13: =IF(OR(C13="",D13=""),"",IFERROR(D13/100*VLOOKUP(C13,'Food Database'!$A$6:$F$105,6,FALSE),""))
E14: =IF(OR(C14="",D14=""),"",IFERROR(D14/100*VLOOKUP(C14,'Food Database'!$A$6:$F$105,3,FALSE),"")) | F14: =IF(OR(C14="",D14=""),"",IFERROR(D14/100*VLOOKUP(C14,'Food Database'!$A$6:$F$105,5,FALSE),"")) | G14: =IF(OR(C14="",D14=""),"",IFERROR(D14/100*VLOOKUP(C14,'Food Database'!$A$6:$F$105,4,FALSE),"")) | H14: =IF(OR(C14="",D14=""),"",IFERROR(D14/100*VLOOKUP(C14,'Food Database'!$A$6:$F$105,6,FALSE),""))
E15: =IF(OR(C15="",D15=""),"",IFERROR(D15/100*VLOOKUP(C15,'Food Database'!$A$6:$F$105,3,FALSE),"")) | F15: =IF(OR(C15="",D15=""),"",IFERROR(D15/100*VLOOKUP(C15,'Food Database'!$A$6:$F$105,5,FALSE),"")) | G15: =IF(OR(C15="",D15=""),"",IFERROR(D15/100*VLOOKUP(C15,'Food Database'!$A$6:$F$105,4,FALSE),"")) | H15: =IF(OR(C15="",D15=""),"",IFERROR(D15/100*VLOOKUP(C15,'Food Database'!$A$6:$F$105,6,FALSE),""))
E16: =IF(OR(C16="",D16=""),"",IFERROR(D16/100*VLOOKUP(C16,'Food Database'!$A$6:$F$105,3,FALSE),"")) | F16: =IF(OR(C16="",D16=""),"",IFERROR(D16/100*VLOOKUP(C16,'Food Database'!$A$6:$F$105,5,FALSE),"")) | G16: =IF(OR(C16="",D16=""),"",IFERROR(D16/100*VLOOKUP(C16,'Food Database'!$A$6:$F$105,4,FALSE),"")) | H16: =IF(OR(C16="",D16=""),"",IFERROR(D16/100*VLOOKUP(C16,'Food Database'!$A$6:$F$105,6,FALSE),""))
E17: =IF(OR(C17="",D17=""),"",IFERROR(D17/100*VLOOKUP(C17,'Food Database'!$A$6:$F$105,3,FALSE),"")) | F17: =IF(OR(C17="",D17=""),"",IFERROR(D17/100*VLOOKUP(C17,'Food Database'!$A$6:$F$105,5,FALSE),"")) | G17: =IF(OR(C17="",D17=""),"",IFERROR(D17/100*VLOOKUP(C17,'Food Database'!$A$6:$F$105,4,FALSE),"")) | H17: =IF(OR(C17="",D17=""),"",IFERROR(D17/100*VLOOKUP(C17,'Food Database'!$A$6:$F$105,6,FALSE),""))
... E105: =IF(OR(C105="",D105=""),"",IFERROR(D105/100*VLOOKUP(C105,'Food Database'!$A$6:$F$105,3,FALSE),"")) | F105: =IF(OR(C105="",D105=""),"",IFERROR(D105/100*VLOOKUP(C105,'Food Database'!$A$6:$F$105,5,FALSE),"")) | G105: =IF(OR(C105="",D105=""),"",IFERROR(D105/100*VLOOKUP(C105,'Food Database'!$A$6:$F$105,4,FALSE),"")) | H105: =IF(OR(C105="",D105=""),"",IFERROR(D105/100*VLOOKUP(C105,'Food Database'!$A$6:$F$105,6,FALSE),""))

Sheet Food Database
A1: Food Database (per 100 grams)
A2: Starter database only. Nutrition values may vary by brand, recipe, preparation, and food label. Add or edit foods as needed. Keep each Food Item name unique so the Meal Tracker can calculate correctly.
A5: Food Item | B5: Category | C5: Protein (g) | D5: Carbs (g) | E5: Fats (g) | F5: Calories (kcal) | G5: Source / Notes
A6: Chicken breast, cooked, skinless | B6: Protein | C6: 31 | D6: 0 | E6: 3.6 | F6: 165 | G6: https://fdc.nal.usda.gov/
A7: Chicken thigh, cooked, skinless | B7: Protein | C7: 26 | D7: 0 | E7: 5.7 | F7: 179 | G7: https://fdc.nal.usda.gov/
A8: Lean ground beef, cooked | B8: Protein | C8: 26 | D8: 0 | E8: 10 | F8: 217 | G8: https://fdc.nal.usda.gov/
A9: Pork loin, cooked | B9: Protein | C9: 27 | D9: 0 | E9: 9 | F9: 190 | G9: https://fdc.nal.usda.gov/
A10: Egg, whole, boiled | B10: Protein | C10: 12.6 | D10: 1.1 | E10: 10.6 | F10: 155 | G10: https://fdc.nal.usda.gov/
A11: Tuna, canned in water, drained | B11: Protein | C11: 26 | D11: 0 | E11: 1 | F11: 116 | G11: https://fdc.nal.usda.gov/
A12: Salmon, cooked | B12: Protein | C12: 25 | D12: 0 | E12: 13 | F12: 208 | G12: https://fdc.nal.usda.gov/
A13: Tofu, firm | B13: Protein | C13: 17 | D13: 3 | E13: 9 | F13: 144 | G13: https://fdc.nal.usda.gov/
A14: Tempeh | B14: Protein | C14: 20 | D14: 9 | E14: 11 | F14: 193 | G14: https://fdc.nal.usda.gov/
A15: Low-fat milk, 1% | B15: Dairy | C15: 3.4 | D15: 5 | E15: 1 | F15: 42 | G15: https://fdc.nal.usda.gov/
A16: Greek yogurt, plain, nonfat | B16: Dairy | C16: 10 | D16: 3.6 | E16: 0.4 | F16: 59 | G16: https://fdc.nal.usda.gov/
A17: Cheddar cheese | B17: Dairy | C17: 25 | D17: 1.3 | E17: 33 | F17: 403 | G17: https://fdc.nal.usda.gov/
... A38: Whey protein powder | B38: Supplement | C38: 80 | D38: 8 | E38: 5 | F38: 400 | G38: Check nutrition label; varies by brand.

Sheet Cheat Sheet
A1: Cheat Sheet: How to Use the Calorie & Macro Tracker
A3: Step | C3: What to Do
A4: 1 | B4: Set the profile | C4: On the Dashboard, enter the client name, age, weight, daily calorie target, and number of meals per day.
A5: 2 | B5: Set macro split | C5: Adjust the carbohydrates, protein, and fats percentages on the Dashboard. The Total must be 100%. Daily and per-meal gram targets will update automatically.
A6: 3 | B6: Log food intake | C6: Go to Meal Tracker. Enter the date, choose the meal type, choose the food item, and type the serving in grams. Protein, fats, carbs, and calories will calculate automatically.
A7: 4 | B7: Check daily summary | C7: Back on the Dashboard, type or select the date you want to review in Selected Date. The daily targets, intake, remaining amount, and progress will show there.
A8: 5 | B8: Add missing foods | C8: If a food is not listed, add it on the Food Database sheet using nutrition values per 100 grams. Use a unique food name; it will then appear in the Meal Tracker dropdown.
A9: 6 | B9: Print / save | C9: The Dashboard works as a clean daily summary. To print, set the selected date first, then print the Dashboard sheet or save it as a PDF.
A11: Important Note: This spreadsheet is a tracking tool, not a medical meal prescription. Nutrition values are estimates and should be checked against food labels, recipes, or guidance from a qualified nutrition professional when needed.
