Workbook

Sheet START HERE
A1: COLLEGE STUDENT GRADEBOOK
A4: QUICK GUIDE
A6: Step | B6: What to do | C6: Sheet
A7: 1 | B7: Set the subject details, grading percentages, passing grade, and grade scale. | C7: SETTINGS
A8: 2 | B8: Enter student numbers and names. Student details are linked automatically. | C8: STUDENT LIST
A9: 3 | B9: Record P, A, L, or E for each class meeting. Attendance percentage is automatic. | C9: ATTENDANCE
A10: 4 | B10: Enter raw scores and maximum scores for quizzes, activities, projects, midterm, and final exam. | C10: SCORES
A11: 5 | B11: Review weighted grades, final percentage, college grade, remarks, and ranking. | C11: GRADEBOOK
A12: 6 | B12: Use the dashboard for class average, passing rate, attendance, top students, and charts. | C12: DASHBOARD
A14: COLOR GUIDE
A16: Color | B16: Meaning
A17: Light blue | B17: Editable input cells
A18: Very light gray/blue | B18: Automatic formula cells
A19: Yellow or red | B19: Warning, incomplete, or failed result

Sheet SETTINGS
A1: GRADEBOOK SETTINGS
A4: Subject Information | B4: Value | D4: Component | E4: Weight (%) | F4: Notes
A5: Subject Code | B5: CS 101 | D5: Attendance | E5: 10 | F5: Attendance and participation
A6: Subject Title | B6: Introduction to Computing | D6: Quizzes | E6: 20 | F6: Average of quizzes
A7: Section | B7: BSCS 1-1 | D7: Activities | E7: 15 | F7: Seatwork, lab, or class activities
A8: Instructor | B8: Instructor Name | D8: Project | E8: 15 | F8: Major project or output
A9: Semester | B9: 1st Semester | D9: Midterm Exam | E9: 20 | F9: Midterm examination
A10: Academic Year | B10: 2026-2027 | D10: Final Exam | E10: 20 | F10: Final examination
A11: Passing Percentage | B11: 75 | D11: TOTAL | E11: =SUM(E5:E10) -> 100 | F11: Must equal 100%
A12: Minimum Attendance | B12: 80
A15: Percentage From | B15: Percentage To | C15: College Grade | D15: Description
A16: 97 | B16: 100 | C16: 1 | D16: Excellent
A17: 94 | B17: 96.99 | C17: 1.25 | D17: Very Good
A18: 91 | B18: 93.99 | C18: 1.5 | D18: Very Good
A19: 88 | B19: 90.99 | C19: 1.75 | D19: Good
A20: 85 | B20: 87.99 | C20: 2 | D20: Good
A21: 82 | B21: 84.99 | C21: 2.25 | D21: Satisfactory
A22: 79 | B22: 81.99 | C22: 2.5 | D22: Satisfactory
A23: 76 | B23: 78.99 | C23: 2.75 | D23: Passed
A24: 75 | B24: 75.99 | C24: 3 | D24: Passed
A25: 65 | B25: 74.99 | C25: 4 | D25: Conditional/Incomplete
A26: 0 | B26: 64.99 | C26: 5 | D26: Failed
A27: Note | D27: This is an editable sample scale. Confirm your college's official grading system.

Sheet STUDENT LIST
A1: STUDENT MASTER LIST
A4: No. | B4: Student Number | C4: Last Name | D4: First Name | E4: Middle Initial | F4: Full Name
A5: 1 | B5: 2026-00001 | C5: Santos | D5: Andrea | E5: M. | F5: =IF(B5="","",TRIM(C5&", "&D5&" "&E5)) -> Santos, Andrea M.
A6: 2 | B6: 2026-00002 | C6: Reyes | D6: Brian | E6: C. | F6: =IF(B6="","",TRIM(C6&", "&D6&" "&E6)) -> Reyes, Brian C.
A7: 3 | B7: 2026-00003 | C7: Cruz | D7: Camille | E7: D. | F7: =IF(B7="","",TRIM(C7&", "&D7&" "&E7)) -> Cruz, Camille D.
A8: 4 | B8: 2026-00004 | C8: Garcia | D8: Daniel | E8: P. | F8: =IF(B8="","",TRIM(C8&", "&D8&" "&E8)) -> Garcia, Daniel P.
A9: 5 | B9: 2026-00005 | C9: Mendoza | D9: Ella | E9: R. | F9: =IF(B9="","",TRIM(C9&", "&D9&" "&E9)) -> Mendoza, Ella R.
A10: 6 | F10: =IF(B10="","",TRIM(C10&", "&D10&" "&E10))
A11: 7 | F11: =IF(B11="","",TRIM(C11&", "&D11&" "&E11))
A12: 8 | F12: =IF(B12="","",TRIM(C12&", "&D12&" "&E12))
A13: 9 | F13: =IF(B13="","",TRIM(C13&", "&D13&" "&E13))
A14: 10 | F14: =IF(B14="","",TRIM(C14&", "&D14&" "&E14))
A15: 11 | F15: =IF(B15="","",TRIM(C15&", "&D15&" "&E15))
A16: 12 | F16: =IF(B16="","",TRIM(C16&", "&D16&" "&E16))
A17: 13 | F17: =IF(B17="","",TRIM(C17&", "&D17&" "&E17))
A18: 14 | F18: =IF(B18="","",TRIM(C18&", "&D18&" "&E18))
A19: 15 | F19: =IF(B19="","",TRIM(C19&", "&D19&" "&E19))
A20: 16 | F20: =IF(B20="","",TRIM(C20&", "&D20&" "&E20))
A21: 17 | F21: =IF(B21="","",TRIM(C21&", "&D21&" "&E21))
... A54: 50 | F54: =IF(B54="","",TRIM(C54&", "&D54&" "&E54))

Sheet ATTENDANCE
A1: ATTENDANCE RECORD
A3: P = Present | A = Absent | L = Late | E = Excused. P and L count as attended; E is excluded from held meetings.
A5: No. | B5: Student Number | C5: Student Name | D5: 46237 | E5: 46240 | F5: 46243 | G5: 46246 | H5: 46249 | I5: 46252 | J5: 46255 | K5: 46258 | L5: 46261 | M5: 46264 | N5: 46267 | O5: 46270 | P5: 46273 | Q5: 46276 | R5: 46279 | S5: 46282 | T5: 46285 | U5: 46288 | V5: 46291 | W5: 46294 | X5: 46297 | Y5: 46300 | Z5: 46303 | AA5: 46306 | AB5: 46309 | AC5: 46312 | AD5: 46315 | AE5: 46318 | AF5: 46321 | AG5: 46324 | AH5: Present/Late | AI5: Absences | AJ5: Excused | AK5: Attendance % | AL5: Status
A6: 1 | B6: =IF('STUDENT LIST'!B5="","",'STUDENT LIST'!B5) -> 2026-00001 | C6: =IF('STUDENT LIST'!F5="","",'STUDENT LIST'!F5) -> Santos, Andrea M. | AH6: =IF(B6="","",COUNTIF(D6:AG6,"P")+COUNTIF(D6:AG6,"L")) -> 0 | AI6: =IF(B6="","",COUNTIF(D6:AG6,"A")) -> 0 | AJ6: =IF(B6="","",COUNTIF(D6:AG6,"E")) -> 0 | AK6: =IF(B6="","",IF(COUNTA(D6:AG6)-AJ6=0,"",AH6/(COUNTA(D6:AG6)-AJ6)*100)) | AL6: =IF(B6="","",IF(AK6>=SETTINGS!$B$12,"Good Standing","Attendance Warning")) -> Good Standing
A7: 2 | B7: =IF('STUDENT LIST'!B6="","",'STUDENT LIST'!B6) -> 2026-00002 | C7: =IF('STUDENT LIST'!F6="","",'STUDENT LIST'!F6) -> Reyes, Brian C. | AH7: =IF(B7="","",COUNTIF(D7:AG7,"P")+COUNTIF(D7:AG7,"L")) -> 0 | AI7: =IF(B7="","",COUNTIF(D7:AG7,"A")) -> 0 | AJ7: =IF(B7="","",COUNTIF(D7:AG7,"E")) -> 0 | AK7: =IF(B7="","",IF(COUNTA(D7:AG7)-AJ7=0,"",AH7/(COUNTA(D7:AG7)-AJ7)*100)) | AL7: =IF(B7="","",IF(AK7>=SETTINGS!$B$12,"Good Standing","Attendance Warning")) -> Good Standing
A8: 3 | B8: =IF('STUDENT LIST'!B7="","",'STUDENT LIST'!B7) -> 2026-00003 | C8: =IF('STUDENT LIST'!F7="","",'STUDENT LIST'!F7) -> Cruz, Camille D. | AH8: =IF(B8="","",COUNTIF(D8:AG8,"P")+COUNTIF(D8:AG8,"L")) -> 0 | AI8: =IF(B8="","",COUNTIF(D8:AG8,"A")) -> 0 | AJ8: =IF(B8="","",COUNTIF(D8:AG8,"E")) -> 0 | AK8: =IF(B8="","",IF(COUNTA(D8:AG8)-AJ8=0,"",AH8/(COUNTA(D8:AG8)-AJ8)*100)) | AL8: =IF(B8="","",IF(AK8>=SETTINGS!$B$12,"Good Standing","Attendance Warning")) -> Good Standing
A9: 4 | B9: =IF('STUDENT LIST'!B8="","",'STUDENT LIST'!B8) -> 2026-00004 | C9: =IF('STUDENT LIST'!F8="","",'STUDENT LIST'!F8) -> Garcia, Daniel P. | AH9: =IF(B9="","",COUNTIF(D9:AG9,"P")+COUNTIF(D9:AG9,"L")) -> 0 | AI9: =IF(B9="","",COUNTIF(D9:AG9,"A")) -> 0 | AJ9: =IF(B9="","",COUNTIF(D9:AG9,"E")) -> 0 | AK9: =IF(B9="","",IF(COUNTA(D9:AG9)-AJ9=0,"",AH9/(COUNTA(D9:AG9)-AJ9)*100)) | AL9: =IF(B9="","",IF(AK9>=SETTINGS!$B$12,"Good Standing","Attendance Warning")) -> Good Standing
A10: 5 | B10: =IF('STUDENT LIST'!B9="","",'STUDENT LIST'!B9) -> 2026-00005 | C10: =IF('STUDENT LIST'!F9="","",'STUDENT LIST'!F9) -> Mendoza, Ella R. | AH10: =IF(B10="","",COUNTIF(D10:AG10,"P")+COUNTIF(D10:AG10,"L")) -> 0 | AI10: =IF(B10="","",COUNTIF(D10:AG10,"A")) -> 0 | AJ10: =IF(B10="","",COUNTIF(D10:AG10,"E")) -> 0 | AK10: =IF(B10="","",IF(COUNTA(D10:AG10)-AJ10=0,"",AH10/(COUNTA(D10:AG10)-AJ10)*100)) | AL10: =IF(B10="","",IF(AK10>=SETTINGS!$B$12,"Good Standing","Attendance Warning")) -> Good Standing
A11: 6 | B11: =IF('STUDENT LIST'!B10="","",'STUDENT LIST'!B10) | C11: =IF('STUDENT LIST'!F10="","",'STUDENT LIST'!F10) | AH11: =IF(B11="","",COUNTIF(D11:AG11,"P")+COUNTIF(D11:AG11,"L")) | AI11: =IF(B11="","",COUNTIF(D11:AG11,"A")) | AJ11: =IF(B11="","",COUNTIF(D11:AG11,"E")) | AK11: =IF(B11="","",IF(COUNTA(D11:AG11)-AJ11=0,"",AH11/(COUNTA(D11:AG11)-AJ11)*100)) | AL11: =IF(B11="","",IF(AK11>=SETTINGS!$B$12,"Good Standing","Attendance Warning"))
A12: 7 | B12: =IF('STUDENT LIST'!B11="","",'STUDENT LIST'!B11) | C12: =IF('STUDENT LIST'!F11="","",'STUDENT LIST'!F11) | AH12: =IF(B12="","",COUNTIF(D12:AG12,"P")+COUNTIF(D12:AG12,"L")) | AI12: =IF(B12="","",COUNTIF(D12:AG12,"A")) | AJ12: =IF(B12="","",COUNTIF(D12:AG12,"E")) | AK12: =IF(B12="","",IF(COUNTA(D12:AG12)-AJ12=0,"",AH12/(COUNTA(D12:AG12)-AJ12)*100)) | AL12: =IF(B12="","",IF(AK12>=SETTINGS!$B$12,"Good Standing","Attendance Warning"))
A13: 8 | B13: =IF('STUDENT LIST'!B12="","",'STUDENT LIST'!B12) | C13: =IF('STUDENT LIST'!F12="","",'STUDENT LIST'!F12) | AH13: =IF(B13="","",COUNTIF(D13:AG13,"P")+COUNTIF(D13:AG13,"L")) | AI13: =IF(B13="","",COUNTIF(D13:AG13,"A")) | AJ13: =IF(B13="","",COUNTIF(D13:AG13,"E")) | AK13: =IF(B13="","",IF(COUNTA(D13:AG13)-AJ13=0,"",AH13/(COUNTA(D13:AG13)-AJ13)*100)) | AL13: =IF(B13="","",IF(AK13>=SETTINGS!$B$12,"Good Standing","Attendance Warning"))
A14: 9 | B14: =IF('STUDENT LIST'!B13="","",'STUDENT LIST'!B13) | C14: =IF('STUDENT LIST'!F13="","",'STUDENT LIST'!F13) | AH14: =IF(B14="","",COUNTIF(D14:AG14,"P")+COUNTIF(D14:AG14,"L")) | AI14: =IF(B14="","",COUNTIF(D14:AG14,"A")) | AJ14: =IF(B14="","",COUNTIF(D14:AG14,"E")) | AK14: =IF(B14="","",IF(COUNTA(D14:AG14)-AJ14=0,"",AH14/(COUNTA(D14:AG14)-AJ14)*100)) | AL14: =IF(B14="","",IF(AK14>=SETTINGS!$B$12,"Good Standing","Attendance Warning"))
A15: 10 | B15: =IF('STUDENT LIST'!B14="","",'STUDENT LIST'!B14) | C15: =IF('STUDENT LIST'!F14="","",'STUDENT LIST'!F14) | AH15: =IF(B15="","",COUNTIF(D15:AG15,"P")+COUNTIF(D15:AG15,"L")) | AI15: =IF(B15="","",COUNTIF(D15:AG15,"A")) | AJ15: =IF(B15="","",COUNTIF(D15:AG15,"E")) | AK15: =IF(B15="","",IF(COUNTA(D15:AG15)-AJ15=0,"",AH15/(COUNTA(D15:AG15)-AJ15)*100)) | AL15: =IF(B15="","",IF(AK15>=SETTINGS!$B$12,"Good Standing","Attendance Warning"))
A16: 11 | B16: =IF('STUDENT LIST'!B15="","",'STUDENT LIST'!B15) | C16: =IF('STUDENT LIST'!F15="","",'STUDENT LIST'!F15) | AH16: =IF(B16="","",COUNTIF(D16:AG16,"P")+COUNTIF(D16:AG16,"L")) | AI16: =IF(B16="","",COUNTIF(D16:AG16,"A")) | AJ16: =IF(B16="","",COUNTIF(D16:AG16,"E")) | AK16: =IF(B16="","",IF(COUNTA(D16:AG16)-AJ16=0,"",AH16/(COUNTA(D16:AG16)-AJ16)*100)) | AL16: =IF(B16="","",IF(AK16>=SETTINGS!$B$12,"Good Standing","Attendance Warning"))
A17: 12 | B17: =IF('STUDENT LIST'!B16="","",'STUDENT LIST'!B16) | C17: =IF('STUDENT LIST'!F16="","",'STUDENT LIST'!F16) | AH17: =IF(B17="","",COUNTIF(D17:AG17,"P")+COUNTIF(D17:AG17,"L")) | AI17: =IF(B17="","",COUNTIF(D17:AG17,"A")) | AJ17: =IF(B17="","",COUNTIF(D17:AG17,"E")) | AK17: =IF(B17="","",IF(COUNTA(D17:AG17)-AJ17=0,"",AH17/(COUNTA(D17:AG17)-AJ17)*100)) | AL17: =IF(B17="","",IF(AK17>=SETTINGS!$B$12,"Good Standing","Attendance Warning"))
... A55: 50 | B55: =IF('STUDENT LIST'!B54="","",'STUDENT LIST'!B54) | C55: =IF('STUDENT LIST'!F54="","",'STUDENT LIST'!F54) | AH55: =IF(B55="","",COUNTIF(D55:AG55,"P")+COUNTIF(D55:AG55,"L")) | AI55: =IF(B55="","",COUNTIF(D55:AG55,"A")) | AJ55: =IF(B55="","",COUNTIF(D55:AG55,"E")) | AK55: =IF(B55="","",IF(COUNTA(D55:AG55)-AJ55=0,"",AH55/(COUNTA(D55:AG55)-AJ55)*100)) | AL55: =IF(B55="","",IF(AK55>=SETTINGS!$B$12,"Good Standing","Attendance Warning"))

Sheet SCORES
A1: RAW SCORES AND ASSESSMENTS
A3: Enter raw scores in light-blue cells. Enter the maximum possible score for each assessment in Row 5.
A4: No. | B4: Student Number | C4: Student Name | D4: Quiz 1 | E4: Quiz 2 | F4: Quiz 3 | G4: Quiz 4 | H4: Quiz 5 | I4: Activity 1 | J4: Activity 2 | K4: Activity 3 | L4: Activity 4 | M4: Activity 5 | N4: Project 1 | O4: Project 2 | P4: Midterm Exam | Q4: Final Exam
A5: MAX SCORE | D5: 20 | E5: 20 | F5: 25 | G5: 25 | H5: 30 | I5: 20 | J5: 20 | K5: 25 | L5: 25 | M5: 30 | N5: 100 | O5: 100 | P5: 100 | Q5: 100
A6: 1 | B6: =IF('STUDENT LIST'!B5="","",'STUDENT LIST'!B5) -> 2026-00001 | C6: =IF('STUDENT LIST'!F5="","",'STUDENT LIST'!F5) -> Santos, Andrea M.
A7: 2 | B7: =IF('STUDENT LIST'!B6="","",'STUDENT LIST'!B6) -> 2026-00002 | C7: =IF('STUDENT LIST'!F6="","",'STUDENT LIST'!F6) -> Reyes, Brian C.
A8: 3 | B8: =IF('STUDENT LIST'!B7="","",'STUDENT LIST'!B7) -> 2026-00003 | C8: =IF('STUDENT LIST'!F7="","",'STUDENT LIST'!F7) -> Cruz, Camille D.
A9: 4 | B9: =IF('STUDENT LIST'!B8="","",'STUDENT LIST'!B8) -> 2026-00004 | C9: =IF('STUDENT LIST'!F8="","",'STUDENT LIST'!F8) -> Garcia, Daniel P.
A10: 5 | B10: =IF('STUDENT LIST'!B9="","",'STUDENT LIST'!B9) -> 2026-00005 | C10: =IF('STUDENT LIST'!F9="","",'STUDENT LIST'!F9) -> Mendoza, Ella R.
A11: 6 | B11: =IF('STUDENT LIST'!B10="","",'STUDENT LIST'!B10) | C11: =IF('STUDENT LIST'!F10="","",'STUDENT LIST'!F10)
A12: 7 | B12: =IF('STUDENT LIST'!B11="","",'STUDENT LIST'!B11) | C12: =IF('STUDENT LIST'!F11="","",'STUDENT LIST'!F11)
A13: 8 | B13: =IF('STUDENT LIST'!B12="","",'STUDENT LIST'!B12) | C13: =IF('STUDENT LIST'!F12="","",'STUDENT LIST'!F12)
A14: 9 | B14: =IF('STUDENT LIST'!B13="","",'STUDENT LIST'!B13) | C14: =IF('STUDENT LIST'!F13="","",'STUDENT LIST'!F13)
A15: 10 | B15: =IF('STUDENT LIST'!B14="","",'STUDENT LIST'!B14) | C15: =IF('STUDENT LIST'!F14="","",'STUDENT LIST'!F14)
A16: 11 | B16: =IF('STUDENT LIST'!B15="","",'STUDENT LIST'!B15) | C16: =IF('STUDENT LIST'!F15="","",'STUDENT LIST'!F15)
A17: 12 | B17: =IF('STUDENT LIST'!B16="","",'STUDENT LIST'!B16) | C17: =IF('STUDENT LIST'!F16="","",'STUDENT LIST'!F16)
... A55: 50 | B55: =IF('STUDENT LIST'!B54="","",'STUDENT LIST'!B54) | C55: =IF('STUDENT LIST'!F54="","",'STUDENT LIST'!F54)

Sheet GRADEBOOK
A1: AUTOMATIC COLLEGE GRADEBOOK
A3: Automatic results. Change grading percentages and policies only in SETTINGS.
A5: No. | B5: Student Number | C5: Student Name | D5: Attendance % | E5: Attendance Weighted | F5: Quiz % | G5: Quiz Weighted | H5: Activity % | I5: Activity Weighted | J5: Project % | K5: Project Weighted | L5: Midterm % | M5: Midterm Weighted | N5: Final Exam % | O5: Final Weighted | P5: Final Percentage | Q5: College Grade | R5: Remarks | S5: Rank | T5: Attendance Status | U5: Incomplete Data | V5: Instructor Notes
A6: 1 | B6: =IF('STUDENT LIST'!B5="","",'STUDENT LIST'!B5) -> 2026-00001 | C6: =IF('STUDENT LIST'!F5="","",'STUDENT LIST'!F5) -> Santos, Andrea M. | D6: =IF(B6="","",ATTENDANCE!AK6) | E6: =IF(D6="","",D6*SETTINGS!$E$5/100) | F6: =IF(B6="","",IF(SUM(SCORES!D$5:H$5)=0,"",SUM(SCORES!D6:H6)/SUM(SCORES!D$5:H$5)*100)) -> 0 | G6: =IF(F6="","",F6*SETTINGS!$E$6/100) -> 0 | H6: =IF(B6="","",IF(SUM(SCORES!I$5:M$5)=0,"",SUM(SCORES!I6:M6)/SUM(SCORES!I$5:M$5)*100)) -> 0 | I6: =IF(H6="","",H6*SETTINGS!$E$7/100) -> 0 | J6: =IF(B6="","",IF(SUM(SCORES!N$5:O$5)=0,"",SUM(SCORES!N6:O6)/SUM(SCORES!N$5:O$5)*100)) -> 0 | K6: =IF(J6="","",J6*SETTINGS!$E$8/100) -> 0 | L6: =IF(B6="","",IF(SCORES!P$5=0,"",SCORES!P6/SCORES!P$5*100)) -> 0 | M6: =IF(L6="","",L6*SETTINGS!$E$9/100) -> 0 | N6: =IF(B6="","",IF(SCORES!Q$5=0,"",SCORES!Q6/SCORES!Q$5*100)) -> 0 | O6: =IF(N6="","",N6*SETTINGS!$E$10/100) -> 0 | P6: =IF(B6="","",SUM(E6,G6,I6,K6,M6,O6)) -> 0 | Q6: =IF(B6="","",IF(P6>=97,1,IF(P6>=94,1.25,IF(P6>=91,1.5,IF(P6>=88,1.75,IF(P6>=85,2,IF(P6>=82,2.25,IF(P6>=79,2.5,IF(P6>=76,2.75,IF(P6>=75,3,IF(P6>=65,4,5))))))))))) -> 5 | R6: =IF(B6="","",IF(U6="YES","INCOMPLETE",IF(T6="Attendance Warning","FAILED - ATTENDANCE",IF(P6>=SETTINGS!$B$11,"PASSED","FAILED")))) -> INCOMPLETE | S6: =IF(OR(B6="",U6="YES"),"",COUNTIF($P$6:$P$55,">"&P6)+1) | T6: =IF(B6="","",ATTENDANCE!AL6) -> Good Standing | U6: =IF(B6="","",IF(COUNT(SCORES!D6:Q6)<COUNT(SCORES!D$5:Q$5),"YES","NO")) -> YES
A7: 2 | B7: =IF('STUDENT LIST'!B6="","",'STUDENT LIST'!B6) -> 2026-00002 | C7: =IF('STUDENT LIST'!F6="","",'STUDENT LIST'!F6) -> Reyes, Brian C. | D7: =IF(B7="","",ATTENDANCE!AK7) | E7: =IF(D7="","",D7*SETTINGS!$E$5/100) | F7: =IF(B7="","",IF(SUM(SCORES!D$5:H$5)=0,"",SUM(SCORES!D7:H7)/SUM(SCORES!D$5:H$5)*100)) -> 0 | G7: =IF(F7="","",F7*SETTINGS!$E$6/100) -> 0 | H7: =IF(B7="","",IF(SUM(SCORES!I$5:M$5)=0,"",SUM(SCORES!I7:M7)/SUM(SCORES!I$5:M$5)*100)) -> 0 | I7: =IF(H7="","",H7*SETTINGS!$E$7/100) -> 0 | J7: =IF(B7="","",IF(SUM(SCORES!N$5:O$5)=0,"",SUM(SCORES!N7:O7)/SUM(SCORES!N$5:O$5)*100)) -> 0 | K7: =IF(J7="","",J7*SETTINGS!$E$8/100) -> 0 | L7: =IF(B7="","",IF(SCORES!P$5=0,"",SCORES!P7/SCORES!P$5*100)) -> 0 | M7: =IF(L7="","",L7*SETTINGS!$E$9/100) -> 0 | N7: =IF(B7="","",IF(SCORES!Q$5=0,"",SCORES!Q7/SCORES!Q$5*100)) -> 0 | O7: =IF(N7="","",N7*SETTINGS!$E$10/100) -> 0 | P7: =IF(B7="","",SUM(E7,G7,I7,K7,M7,O7)) -> 0 | Q7: =IF(B7="","",IF(P7>=97,1,IF(P7>=94,1.25,IF(P7>=91,1.5,IF(P7>=88,1.75,IF(P7>=85,2,IF(P7>=82,2.25,IF(P7>=79,2.5,IF(P7>=76,2.75,IF(P7>=75,3,IF(P7>=65,4,5))))))))))) -> 5 | R7: =IF(B7="","",IF(U7="YES","INCOMPLETE",IF(T7="Attendance Warning","FAILED - ATTENDANCE",IF(P7>=SETTINGS!$B$11,"PASSED","FAILED")))) -> INCOMPLETE | S7: =IF(OR(B7="",U7="YES"),"",COUNTIF($P$6:$P$55,">"&P7)+1) | T7: =IF(B7="","",ATTENDANCE!AL7) -> Good Standing | U7: =IF(B7="","",IF(COUNT(SCORES!D7:Q7)<COUNT(SCORES!D$5:Q$5),"YES","NO")) -> YES
A8: 3 | B8: =IF('STUDENT LIST'!B7="","",'STUDENT LIST'!B7) -> 2026-00003 | C8: =IF('STUDENT LIST'!F7="","",'STUDENT LIST'!F7) -> Cruz, Camille D. | D8: =IF(B8="","",ATTENDANCE!AK8) | E8: =IF(D8="","",D8*SETTINGS!$E$5/100) | F8: =IF(B8="","",IF(SUM(SCORES!D$5:H$5)=0,"",SUM(SCORES!D8:H8)/SUM(SCORES!D$5:H$5)*100)) -> 0 | G8: =IF(F8="","",F8*SETTINGS!$E$6/100) -> 0 | H8: =IF(B8="","",IF(SUM(SCORES!I$5:M$5)=0,"",SUM(SCORES!I8:M8)/SUM(SCORES!I$5:M$5)*100)) -> 0 | I8: =IF(H8="","",H8*SETTINGS!$E$7/100) -> 0 | J8: =IF(B8="","",IF(SUM(SCORES!N$5:O$5)=0,"",SUM(SCORES!N8:O8)/SUM(SCORES!N$5:O$5)*100)) -> 0 | K8: =IF(J8="","",J8*SETTINGS!$E$8/100) -> 0 | L8: =IF(B8="","",IF(SCORES!P$5=0,"",SCORES!P8/SCORES!P$5*100)) -> 0 | M8: =IF(L8="","",L8*SETTINGS!$E$9/100) -> 0 | N8: =IF(B8="","",IF(SCORES!Q$5=0,"",SCORES!Q8/SCORES!Q$5*100)) -> 0 | O8: =IF(N8="","",N8*SETTINGS!$E$10/100) -> 0 | P8: =IF(B8="","",SUM(E8,G8,I8,K8,M8,O8)) -> 0 | Q8: =IF(B8="","",IF(P8>=97,1,IF(P8>=94,1.25,IF(P8>=91,1.5,IF(P8>=88,1.75,IF(P8>=85,2,IF(P8>=82,2.25,IF(P8>=79,2.5,IF(P8>=76,2.75,IF(P8>=75,3,IF(P8>=65,4,5))))))))))) -> 5 | R8: =IF(B8="","",IF(U8="YES","INCOMPLETE",IF(T8="Attendance Warning","FAILED - ATTENDANCE",IF(P8>=SETTINGS!$B$11,"PASSED","FAILED")))) -> INCOMPLETE | S8: =IF(OR(B8="",U8="YES"),"",COUNTIF($P$6:$P$55,">"&P8)+1) | T8: =IF(B8="","",ATTENDANCE!AL8) -> Good Standing | U8: =IF(B8="","",IF(COUNT(SCORES!D8:Q8)<COUNT(SCORES!D$5:Q$5),"YES","NO")) -> YES
A9: 4 | B9: =IF('STUDENT LIST'!B8="","",'STUDENT LIST'!B8) -> 2026-00004 | C9: =IF('STUDENT LIST'!F8="","",'STUDENT LIST'!F8) -> Garcia, Daniel P. | D9: =IF(B9="","",ATTENDANCE!AK9) | E9: =IF(D9="","",D9*SETTINGS!$E$5/100) | F9: =IF(B9="","",IF(SUM(SCORES!D$5:H$5)=0,"",SUM(SCORES!D9:H9)/SUM(SCORES!D$5:H$5)*100)) -> 0 | G9: =IF(F9="","",F9*SETTINGS!$E$6/100) -> 0 | H9: =IF(B9="","",IF(SUM(SCORES!I$5:M$5)=0,"",SUM(SCORES!I9:M9)/SUM(SCORES!I$5:M$5)*100)) -> 0 | I9: =IF(H9="","",H9*SETTINGS!$E$7/100) -> 0 | J9: =IF(B9="","",IF(SUM(SCORES!N$5:O$5)=0,"",SUM(SCORES!N9:O9)/SUM(SCORES!N$5:O$5)*100)) -> 0 | K9: =IF(J9="","",J9*SETTINGS!$E$8/100) -> 0 | L9: =IF(B9="","",IF(SCORES!P$5=0,"",SCORES!P9/SCORES!P$5*100)) -> 0 | M9: =IF(L9="","",L9*SETTINGS!$E$9/100) -> 0 | N9: =IF(B9="","",IF(SCORES!Q$5=0,"",SCORES!Q9/SCORES!Q$5*100)) -> 0 | O9: =IF(N9="","",N9*SETTINGS!$E$10/100) -> 0 | P9: =IF(B9="","",SUM(E9,G9,I9,K9,M9,O9)) -> 0 | Q9: =IF(B9="","",IF(P9>=97,1,IF(P9>=94,1.25,IF(P9>=91,1.5,IF(P9>=88,1.75,IF(P9>=85,2,IF(P9>=82,2.25,IF(P9>=79,2.5,IF(P9>=76,2.75,IF(P9>=75,3,IF(P9>=65,4,5))))))))))) -> 5 | R9: =IF(B9="","",IF(U9="YES","INCOMPLETE",IF(T9="Attendance Warning","FAILED - ATTENDANCE",IF(P9>=SETTINGS!$B$11,"PASSED","FAILED")))) -> INCOMPLETE | S9: =IF(OR(B9="",U9="YES"),"",COUNTIF($P$6:$P$55,">"&P9)+1) | T9: =IF(B9="","",ATTENDANCE!AL9) -> Good Standing | U9: =IF(B9="","",IF(COUNT(SCORES!D9:Q9)<COUNT(SCORES!D$5:Q$5),"YES","NO")) -> YES
A10: 5 | B10: =IF('STUDENT LIST'!B9="","",'STUDENT LIST'!B9) -> 2026-00005 | C10: =IF('STUDENT LIST'!F9="","",'STUDENT LIST'!F9) -> Mendoza, Ella R. | D10: =IF(B10="","",ATTENDANCE!AK10) | E10: =IF(D10="","",D10*SETTINGS!$E$5/100) | F10: =IF(B10="","",IF(SUM(SCORES!D$5:H$5)=0,"",SUM(SCORES!D10:H10)/SUM(SCORES!D$5:H$5)*100)) -> 0 | G10: =IF(F10="","",F10*SETTINGS!$E$6/100) -> 0 | H10: =IF(B10="","",IF(SUM(SCORES!I$5:M$5)=0,"",SUM(SCORES!I10:M10)/SUM(SCORES!I$5:M$5)*100)) -> 0 | I10: =IF(H10="","",H10*SETTINGS!$E$7/100) -> 0 | J10: =IF(B10="","",IF(SUM(SCORES!N$5:O$5)=0,"",SUM(SCORES!N10:O10)/SUM(SCORES!N$5:O$5)*100)) -> 0 | K10: =IF(J10="","",J10*SETTINGS!$E$8/100) -> 0 | L10: =IF(B10="","",IF(SCORES!P$5=0,"",SCORES!P10/SCORES!P$5*100)) -> 0 | M10: =IF(L10="","",L10*SETTINGS!$E$9/100) -> 0 | N10: =IF(B10="","",IF(SCORES!Q$5=0,"",SCORES!Q10/SCORES!Q$5*100)) -> 0 | O10: =IF(N10="","",N10*SETTINGS!$E$10/100) -> 0 | P10: =IF(B10="","",SUM(E10,G10,I10,K10,M10,O10)) -> 0 | Q10: =IF(B10="","",IF(P10>=97,1,IF(P10>=94,1.25,IF(P10>=91,1.5,IF(P10>=88,1.75,IF(P10>=85,2,IF(P10>=82,2.25,IF(P10>=79,2.5,IF(P10>=76,2.75,IF(P10>=75,3,IF(P10>=65,4,5))))))))))) -> 5 | R10: =IF(B10="","",IF(U10="YES","INCOMPLETE",IF(T10="Attendance Warning","FAILED - ATTENDANCE",IF(P10>=SETTINGS!$B$11,"PASSED","FAILED")))) -> INCOMPLETE | S10: =IF(OR(B10="",U10="YES"),"",COUNTIF($P$6:$P$55,">"&P10)+1) | T10: =IF(B10="","",ATTENDANCE!AL10) -> Good Standing | U10: =IF(B10="","",IF(COUNT(SCORES!D10:Q10)<COUNT(SCORES!D$5:Q$5),"YES","NO")) -> YES
A11: 6 | B11: =IF('STUDENT LIST'!B10="","",'STUDENT LIST'!B10) | C11: =IF('STUDENT LIST'!F10="","",'STUDENT LIST'!F10) | D11: =IF(B11="","",ATTENDANCE!AK11) | E11: =IF(D11="","",D11*SETTINGS!$E$5/100) | F11: =IF(B11="","",IF(SUM(SCORES!D$5:H$5)=0,"",SUM(SCORES!D11:H11)/SUM(SCORES!D$5:H$5)*100)) | G11: =IF(F11="","",F11*SETTINGS!$E$6/100) | H11: =IF(B11="","",IF(SUM(SCORES!I$5:M$5)=0,"",SUM(SCORES!I11:M11)/SUM(SCORES!I$5:M$5)*100)) | I11: =IF(H11="","",H11*SETTINGS!$E$7/100) | J11: =IF(B11="","",IF(SUM(SCORES!N$5:O$5)=0,"",SUM(SCORES!N11:O11)/SUM(SCORES!N$5:O$5)*100)) | K11: =IF(J11="","",J11*SETTINGS!$E$8/100) | L11: =IF(B11="","",IF(SCORES!P$5=0,"",SCORES!P11/SCORES!P$5*100)) | M11: =IF(L11="","",L11*SETTINGS!$E$9/100) | N11: =IF(B11="","",IF(SCORES!Q$5=0,"",SCORES!Q11/SCORES!Q$5*100)) | O11: =IF(N11="","",N11*SETTINGS!$E$10/100) | P11: =IF(B11="","",SUM(E11,G11,I11,K11,M11,O11)) | Q11: =IF(B11="","",IF(P11>=97,1,IF(P11>=94,1.25,IF(P11>=91,1.5,IF(P11>=88,1.75,IF(P11>=85,2,IF(P11>=82,2.25,IF(P11>=79,2.5,IF(P11>=76,2.75,IF(P11>=75,3,IF(P11>=65,4,5))))))))))) | R11: =IF(B11="","",IF(U11="YES","INCOMPLETE",IF(T11="Attendance Warning","FAILED - ATTENDANCE",IF(P11>=SETTINGS!$B$11,"PASSED","FAILED")))) | S11: =IF(OR(B11="",U11="YES"),"",COUNTIF($P$6:$P$55,">"&P11)+1) | T11: =IF(B11="","",ATTENDANCE!AL11) | U11: =IF(B11="","",IF(COUNT(SCORES!D11:Q11)<COUNT(SCORES!D$5:Q$5),"YES","NO"))
A12: 7 | B12: =IF('STUDENT LIST'!B11="","",'STUDENT LIST'!B11) | C12: =IF('STUDENT LIST'!F11="","",'STUDENT LIST'!F11) | D12: =IF(B12="","",ATTENDANCE!AK12) | E12: =IF(D12="","",D12*SETTINGS!$E$5/100) | F12: =IF(B12="","",IF(SUM(SCORES!D$5:H$5)=0,"",SUM(SCORES!D12:H12)/SUM(SCORES!D$5:H$5)*100)) | G12: =IF(F12="","",F12*SETTINGS!$E$6/100) | H12: =IF(B12="","",IF(SUM(SCORES!I$5:M$5)=0,"",SUM(SCORES!I12:M12)/SUM(SCORES!I$5:M$5)*100)) | I12: =IF(H12="","",H12*SETTINGS!$E$7/100) | J12: =IF(B12="","",IF(SUM(SCORES!N$5:O$5)=0,"",SUM(SCORES!N12:O12)/SUM(SCORES!N$5:O$5)*100)) | K12: =IF(J12="","",J12*SETTINGS!$E$8/100) | L12: =IF(B12="","",IF(SCORES!P$5=0,"",SCORES!P12/SCORES!P$5*100)) | M12: =IF(L12="","",L12*SETTINGS!$E$9/100) | N12: =IF(B12="","",IF(SCORES!Q$5=0,"",SCORES!Q12/SCORES!Q$5*100)) | O12: =IF(N12="","",N12*SETTINGS!$E$10/100) | P12: =IF(B12="","",SUM(E12,G12,I12,K12,M12,O12)) | Q12: =IF(B12="","",IF(P12>=97,1,IF(P12>=94,1.25,IF(P12>=91,1.5,IF(P12>=88,1.75,IF(P12>=85,2,IF(P12>=82,2.25,IF(P12>=79,2.5,IF(P12>=76,2.75,IF(P12>=75,3,IF(P12>=65,4,5))))))))))) | R12: =IF(B12="","",IF(U12="YES","INCOMPLETE",IF(T12="Attendance Warning","FAILED - ATTENDANCE",IF(P12>=SETTINGS!$B$11,"PASSED","FAILED")))) | S12: =IF(OR(B12="",U12="YES"),"",COUNTIF($P$6:$P$55,">"&P12)+1) | T12: =IF(B12="","",ATTENDANCE!AL12) | U12: =IF(B12="","",IF(COUNT(SCORES!D12:Q12)<COUNT(SCORES!D$5:Q$5),"YES","NO"))
A13: 8 | B13: =IF('STUDENT LIST'!B12="","",'STUDENT LIST'!B12) | C13: =IF('STUDENT LIST'!F12="","",'STUDENT LIST'!F12) | D13: =IF(B13="","",ATTENDANCE!AK13) | E13: =IF(D13="","",D13*SETTINGS!$E$5/100) | F13: =IF(B13="","",IF(SUM(SCORES!D$5:H$5)=0,"",SUM(SCORES!D13:H13)/SUM(SCORES!D$5:H$5)*100)) | G13: =IF(F13="","",F13*SETTINGS!$E$6/100) | H13: =IF(B13="","",IF(SUM(SCORES!I$5:M$5)=0,"",SUM(SCORES!I13:M13)/SUM(SCORES!I$5:M$5)*100)) | I13: =IF(H13="","",H13*SETTINGS!$E$7/100) | J13: =IF(B13="","",IF(SUM(SCORES!N$5:O$5)=0,"",SUM(SCORES!N13:O13)/SUM(SCORES!N$5:O$5)*100)) | K13: =IF(J13="","",J13*SETTINGS!$E$8/100) | L13: =IF(B13="","",IF(SCORES!P$5=0,"",SCORES!P13/SCORES!P$5*100)) | M13: =IF(L13="","",L13*SETTINGS!$E$9/100) | N13: =IF(B13="","",IF(SCORES!Q$5=0,"",SCORES!Q13/SCORES!Q$5*100)) | O13: =IF(N13="","",N13*SETTINGS!$E$10/100) | P13: =IF(B13="","",SUM(E13,G13,I13,K13,M13,O13)) | Q13: =IF(B13="","",IF(P13>=97,1,IF(P13>=94,1.25,IF(P13>=91,1.5,IF(P13>=88,1.75,IF(P13>=85,2,IF(P13>=82,2.25,IF(P13>=79,2.5,IF(P13>=76,2.75,IF(P13>=75,3,IF(P13>=65,4,5))))))))))) | R13: =IF(B13="","",IF(U13="YES","INCOMPLETE",IF(T13="Attendance Warning","FAILED - ATTENDANCE",IF(P13>=SETTINGS!$B$11,"PASSED","FAILED")))) | S13: =IF(OR(B13="",U13="YES"),"",COUNTIF($P$6:$P$55,">"&P13)+1) | T13: =IF(B13="","",ATTENDANCE!AL13) | U13: =IF(B13="","",IF(COUNT(SCORES!D13:Q13)<COUNT(SCORES!D$5:Q$5),"YES","NO"))
A14: 9 | B14: =IF('STUDENT LIST'!B13="","",'STUDENT LIST'!B13) | C14: =IF('STUDENT LIST'!F13="","",'STUDENT LIST'!F13) | D14: =IF(B14="","",ATTENDANCE!AK14) | E14: =IF(D14="","",D14*SETTINGS!$E$5/100) | F14: =IF(B14="","",IF(SUM(SCORES!D$5:H$5)=0,"",SUM(SCORES!D14:H14)/SUM(SCORES!D$5:H$5)*100)) | G14: =IF(F14="","",F14*SETTINGS!$E$6/100) | H14: =IF(B14="","",IF(SUM(SCORES!I$5:M$5)=0,"",SUM(SCORES!I14:M14)/SUM(SCORES!I$5:M$5)*100)) | I14: =IF(H14="","",H14*SETTINGS!$E$7/100) | J14: =IF(B14="","",IF(SUM(SCORES!N$5:O$5)=0,"",SUM(SCORES!N14:O14)/SUM(SCORES!N$5:O$5)*100)) | K14: =IF(J14="","",J14*SETTINGS!$E$8/100) | L14: =IF(B14="","",IF(SCORES!P$5=0,"",SCORES!P14/SCORES!P$5*100)) | M14: =IF(L14="","",L14*SETTINGS!$E$9/100) | N14: =IF(B14="","",IF(SCORES!Q$5=0,"",SCORES!Q14/SCORES!Q$5*100)) | O14: =IF(N14="","",N14*SETTINGS!$E$10/100) | P14: =IF(B14="","",SUM(E14,G14,I14,K14,M14,O14)) | Q14: =IF(B14="","",IF(P14>=97,1,IF(P14>=94,1.25,IF(P14>=91,1.5,IF(P14>=88,1.75,IF(P14>=85,2,IF(P14>=82,2.25,IF(P14>=79,2.5,IF(P14>=76,2.75,IF(P14>=75,3,IF(P14>=65,4,5))))))))))) | R14: =IF(B14="","",IF(U14="YES","INCOMPLETE",IF(T14="Attendance Warning","FAILED - ATTENDANCE",IF(P14>=SETTINGS!$B$11,"PASSED","FAILED")))) | S14: =IF(OR(B14="",U14="YES"),"",COUNTIF($P$6:$P$55,">"&P14)+1) | T14: =IF(B14="","",ATTENDANCE!AL14) | U14: =IF(B14="","",IF(COUNT(SCORES!D14:Q14)<COUNT(SCORES!D$5:Q$5),"YES","NO"))
A15: 10 | B15: =IF('STUDENT LIST'!B14="","",'STUDENT LIST'!B14) | C15: =IF('STUDENT LIST'!F14="","",'STUDENT LIST'!F14) | D15: =IF(B15="","",ATTENDANCE!AK15) | E15: =IF(D15="","",D15*SETTINGS!$E$5/100) | F15: =IF(B15="","",IF(SUM(SCORES!D$5:H$5)=0,"",SUM(SCORES!D15:H15)/SUM(SCORES!D$5:H$5)*100)) | G15: =IF(F15="","",F15*SETTINGS!$E$6/100) | H15: =IF(B15="","",IF(SUM(SCORES!I$5:M$5)=0,"",SUM(SCORES!I15:M15)/SUM(SCORES!I$5:M$5)*100)) | I15: =IF(H15="","",H15*SETTINGS!$E$7/100) | J15: =IF(B15="","",IF(SUM(SCORES!N$5:O$5)=0,"",SUM(SCORES!N15:O15)/SUM(SCORES!N$5:O$5)*100)) | K15: =IF(J15="","",J15*SETTINGS!$E$8/100) | L15: =IF(B15="","",IF(SCORES!P$5=0,"",SCORES!P15/SCORES!P$5*100)) | M15: =IF(L15="","",L15*SETTINGS!$E$9/100) | N15: =IF(B15="","",IF(SCORES!Q$5=0,"",SCORES!Q15/SCORES!Q$5*100)) | O15: =IF(N15="","",N15*SETTINGS!$E$10/100) | P15: =IF(B15="","",SUM(E15,G15,I15,K15,M15,O15)) | Q15: =IF(B15="","",IF(P15>=97,1,IF(P15>=94,1.25,IF(P15>=91,1.5,IF(P15>=88,1.75,IF(P15>=85,2,IF(P15>=82,2.25,IF(P15>=79,2.5,IF(P15>=76,2.75,IF(P15>=75,3,IF(P15>=65,4,5))))))))))) | R15: =IF(B15="","",IF(U15="YES","INCOMPLETE",IF(T15="Attendance Warning","FAILED - ATTENDANCE",IF(P15>=SETTINGS!$B$11,"PASSED","FAILED")))) | S15: =IF(OR(B15="",U15="YES"),"",COUNTIF($P$6:$P$55,">"&P15)+1) | T15: =IF(B15="","",ATTENDANCE!AL15) | U15: =IF(B15="","",IF(COUNT(SCORES!D15:Q15)<COUNT(SCORES!D$5:Q$5),"YES","NO"))
A16: 11 | B16: =IF('STUDENT LIST'!B15="","",'STUDENT LIST'!B15) | C16: =IF('STUDENT LIST'!F15="","",'STUDENT LIST'!F15) | D16: =IF(B16="","",ATTENDANCE!AK16) | E16: =IF(D16="","",D16*SETTINGS!$E$5/100) | F16: =IF(B16="","",IF(SUM(SCORES!D$5:H$5)=0,"",SUM(SCORES!D16:H16)/SUM(SCORES!D$5:H$5)*100)) | G16: =IF(F16="","",F16*SETTINGS!$E$6/100) | H16: =IF(B16="","",IF(SUM(SCORES!I$5:M$5)=0,"",SUM(SCORES!I16:M16)/SUM(SCORES!I$5:M$5)*100)) | I16: =IF(H16="","",H16*SETTINGS!$E$7/100) | J16: =IF(B16="","",IF(SUM(SCORES!N$5:O$5)=0,"",SUM(SCORES!N16:O16)/SUM(SCORES!N$5:O$5)*100)) | K16: =IF(J16="","",J16*SETTINGS!$E$8/100) | L16: =IF(B16="","",IF(SCORES!P$5=0,"",SCORES!P16/SCORES!P$5*100)) | M16: =IF(L16="","",L16*SETTINGS!$E$9/100) | N16: =IF(B16="","",IF(SCORES!Q$5=0,"",SCORES!Q16/SCORES!Q$5*100)) | O16: =IF(N16="","",N16*SETTINGS!$E$10/100) | P16: =IF(B16="","",SUM(E16,G16,I16,K16,M16,O16)) | Q16: =IF(B16="","",IF(P16>=97,1,IF(P16>=94,1.25,IF(P16>=91,1.5,IF(P16>=88,1.75,IF(P16>=85,2,IF(P16>=82,2.25,IF(P16>=79,2.5,IF(P16>=76,2.75,IF(P16>=75,3,IF(P16>=65,4,5))))))))))) | R16: =IF(B16="","",IF(U16="YES","INCOMPLETE",IF(T16="Attendance Warning","FAILED - ATTENDANCE",IF(P16>=SETTINGS!$B$11,"PASSED","FAILED")))) | S16: =IF(OR(B16="",U16="YES"),"",COUNTIF($P$6:$P$55,">"&P16)+1) | T16: =IF(B16="","",ATTENDANCE!AL16) | U16: =IF(B16="","",IF(COUNT(SCORES!D16:Q16)<COUNT(SCORES!D$5:Q$5),"YES","NO"))
A17: 12 | B17: =IF('STUDENT LIST'!B16="","",'STUDENT LIST'!B16) | C17: =IF('STUDENT LIST'!F16="","",'STUDENT LIST'!F16) | D17: =IF(B17="","",ATTENDANCE!AK17) | E17: =IF(D17="","",D17*SETTINGS!$E$5/100) | F17: =IF(B17="","",IF(SUM(SCORES!D$5:H$5)=0,"",SUM(SCORES!D17:H17)/SUM(SCORES!D$5:H$5)*100)) | G17: =IF(F17="","",F17*SETTINGS!$E$6/100) | H17: =IF(B17="","",IF(SUM(SCORES!I$5:M$5)=0,"",SUM(SCORES!I17:M17)/SUM(SCORES!I$5:M$5)*100)) | I17: =IF(H17="","",H17*SETTINGS!$E$7/100) | J17: =IF(B17="","",IF(SUM(SCORES!N$5:O$5)=0,"",SUM(SCORES!N17:O17)/SUM(SCORES!N$5:O$5)*100)) | K17: =IF(J17="","",J17*SETTINGS!$E$8/100) | L17: =IF(B17="","",IF(SCORES!P$5=0,"",SCORES!P17/SCORES!P$5*100)) | M17: =IF(L17="","",L17*SETTINGS!$E$9/100) | N17: =IF(B17="","",IF(SCORES!Q$5=0,"",SCORES!Q17/SCORES!Q$5*100)) | O17: =IF(N17="","",N17*SETTINGS!$E$10/100) | P17: =IF(B17="","",SUM(E17,G17,I17,K17,M17,O17)) | Q17: =IF(B17="","",IF(P17>=97,1,IF(P17>=94,1.25,IF(P17>=91,1.5,IF(P17>=88,1.75,IF(P17>=85,2,IF(P17>=82,2.25,IF(P17>=79,2.5,IF(P17>=76,2.75,IF(P17>=75,3,IF(P17>=65,4,5))))))))))) | R17: =IF(B17="","",IF(U17="YES","INCOMPLETE",IF(T17="Attendance Warning","FAILED - ATTENDANCE",IF(P17>=SETTINGS!$B$11,"PASSED","FAILED")))) | S17: =IF(OR(B17="",U17="YES"),"",COUNTIF($P$6:$P$55,">"&P17)+1) | T17: =IF(B17="","",ATTENDANCE!AL17) | U17: =IF(B17="","",IF(COUNT(SCORES!D17:Q17)<COUNT(SCORES!D$5:Q$5),"YES","NO"))
... A55: 50 | B55: =IF('STUDENT LIST'!B54="","",'STUDENT LIST'!B54) | C55: =IF('STUDENT LIST'!F54="","",'STUDENT LIST'!F54) | D55: =IF(B55="","",ATTENDANCE!AK55) | E55: =IF(D55="","",D55*SETTINGS!$E$5/100) | F55: =IF(B55="","",IF(SUM(SCORES!D$5:H$5)=0,"",SUM(SCORES!D55:H55)/SUM(SCORES!D$5:H$5)*100)) | G55: =IF(F55="","",F55*SETTINGS!$E$6/100) | H55: =IF(B55="","",IF(SUM(SCORES!I$5:M$5)=0,"",SUM(SCORES!I55:M55)/SUM(SCORES!I$5:M$5)*100)) | I55: =IF(H55="","",H55*SETTINGS!$E$7/100) | J55: =IF(B55="","",IF(SUM(SCORES!N$5:O$5)=0,"",SUM(SCORES!N55:O55)/SUM(SCORES!N$5:O$5)*100)) | K55: =IF(J55="","",J55*SETTINGS!$E$8/100) | L55: =IF(B55="","",IF(SCORES!P$5=0,"",SCORES!P55/SCORES!P$5*100)) | M55: =IF(L55="","",L55*SETTINGS!$E$9/100) | N55: =IF(B55="","",IF(SCORES!Q$5=0,"",SCORES!Q55/SCORES!Q$5*100)) | O55: =IF(N55="","",N55*SETTINGS!$E$10/100) | P55: =IF(B55="","",SUM(E55,G55,I55,K55,M55,O55)) | Q55: =IF(B55="","",IF(P55>=97,1,IF(P55>=94,1.25,IF(P55>=91,1.5,IF(P55>=88,1.75,IF(P55>=85,2,IF(P55>=82,2.25,IF(P55>=79,2.5,IF(P55>=76,2.75,IF(P55>=75,3,IF(P55>=65,4,5))))))))))) | R55: =IF(B55="","",IF(U55="YES","INCOMPLETE",IF(T55="Attendance Warning","FAILED - ATTENDANCE",IF(P55>=SETTINGS!$B$11,"PASSED","FAILED")))) | S55: =IF(OR(B55="",U55="YES"),"",COUNTIF($P$6:$P$55,">"&P55)+1) | T55: =IF(B55="","",ATTENDANCE!AL55) | U55: =IF(B55="","",IF(COUNT(SCORES!D55:Q55)<COUNT(SCORES!D$5:Q$5),"YES","NO"))

Sheet DASHBOARD
A1: CLASS PERFORMANCE DASHBOARD
A3: =SETTINGS!B6&" | "&SETTINGS!B7&" | "&SETTINGS!B9&" | AY "&SETTINGS!B10 -> Introduction to Computing | BSCS 1-1 | 1st Semester | AY 2026-2027
A5: ="ENROLLED STUDENTS"&CHAR(10)&TEXT(COUNTIF('STUDENT LIST'!B5:B54,"<>"),"0") -> ENROLLED STUDENTS 5 | D5: ="CLASS AVERAGE"&CHAR(10)&TEXT(IFERROR(AVERAGEIF(GRADEBOOK!P6:P55,">0"),0),"0.00") -> CLASS AVERAGE 0.00 | G5: ="PASSING RATE"&CHAR(10)&ROUND(IFERROR(COUNTIF(GRADEBOOK!R6:R55,"PASSED")/COUNTIF(GRADEBOOK!B6:B55,"<>")*100,0),2)&"%" -> PASSING RATE 0% | J5: ="AVERAGE ATTENDANCE"&CHAR(10)&ROUND(IFERROR(AVERAGEIF(GRADEBOOK!D6:D55,">0"),0),2)&"%" -> AVERAGE ATTENDANCE 0%
A10: Grade Distribution | B10: Count | G10: TOP 10 STUDENTS
A11: 1.00-1.75 | B11: =COUNTIFS(GRADEBOOK!Q6:Q55,">=1",GRADEBOOK!Q6:Q55,"<=1.75") -> 0 | G11: Rank | H11: Student Name | I11: Final % | J11: College Grade | K11: Remarks | L11: Attendance %
A12: 2.00-2.50 | B12: =COUNTIFS(GRADEBOOK!Q6:Q55,">=2",GRADEBOOK!Q6:Q55,"<=2.5") -> 0 | G12: 1 | H12: =IFERROR(INDEX(GRADEBOOK!$C$6:$C$55,MATCH(G12,GRADEBOOK!$S$6:$S$55,0)),"") | I12: =IF(H12="","",INDEX(GRADEBOOK!$P$6:$P$55,MATCH(G12,GRADEBOOK!$S$6:$S$55,0))) | J12: =IF(H12="","",INDEX(GRADEBOOK!$Q$6:$Q$55,MATCH(G12,GRADEBOOK!$S$6:$S$55,0))) | K12: =IF(H12="","",INDEX(GRADEBOOK!$R$6:$R$55,MATCH(G12,GRADEBOOK!$S$6:$S$55,0))) | L12: =IF(H12="","",INDEX(GRADEBOOK!$D$6:$D$55,MATCH(G12,GRADEBOOK!$S$6:$S$55,0)))
A13: 2.75-3.00 | B13: =COUNTIFS(GRADEBOOK!Q6:Q55,">=2.75",GRADEBOOK!Q6:Q55,"<=3") -> 0 | G13: 2 | H13: =IFERROR(INDEX(GRADEBOOK!$C$6:$C$55,MATCH(G13,GRADEBOOK!$S$6:$S$55,0)),"") | I13: =IF(H13="","",INDEX(GRADEBOOK!$P$6:$P$55,MATCH(G13,GRADEBOOK!$S$6:$S$55,0))) | J13: =IF(H13="","",INDEX(GRADEBOOK!$Q$6:$Q$55,MATCH(G13,GRADEBOOK!$S$6:$S$55,0))) | K13: =IF(H13="","",INDEX(GRADEBOOK!$R$6:$R$55,MATCH(G13,GRADEBOOK!$S$6:$S$55,0))) | L13: =IF(H13="","",INDEX(GRADEBOOK!$D$6:$D$55,MATCH(G13,GRADEBOOK!$S$6:$S$55,0)))
A14: 4.00 | B14: =COUNTIF(GRADEBOOK!Q6:Q55,4) -> 0 | G14: 3 | H14: =IFERROR(INDEX(GRADEBOOK!$C$6:$C$55,MATCH(G14,GRADEBOOK!$S$6:$S$55,0)),"") | I14: =IF(H14="","",INDEX(GRADEBOOK!$P$6:$P$55,MATCH(G14,GRADEBOOK!$S$6:$S$55,0))) | J14: =IF(H14="","",INDEX(GRADEBOOK!$Q$6:$Q$55,MATCH(G14,GRADEBOOK!$S$6:$S$55,0))) | K14: =IF(H14="","",INDEX(GRADEBOOK!$R$6:$R$55,MATCH(G14,GRADEBOOK!$S$6:$S$55,0))) | L14: =IF(H14="","",INDEX(GRADEBOOK!$D$6:$D$55,MATCH(G14,GRADEBOOK!$S$6:$S$55,0)))
A15: 5.00 | B15: =COUNTIF(GRADEBOOK!Q6:Q55,5) -> 5 | G15: 4 | H15: =IFERROR(INDEX(GRADEBOOK!$C$6:$C$55,MATCH(G15,GRADEBOOK!$S$6:$S$55,0)),"") | I15: =IF(H15="","",INDEX(GRADEBOOK!$P$6:$P$55,MATCH(G15,GRADEBOOK!$S$6:$S$55,0))) | J15: =IF(H15="","",INDEX(GRADEBOOK!$Q$6:$Q$55,MATCH(G15,GRADEBOOK!$S$6:$S$55,0))) | K15: =IF(H15="","",INDEX(GRADEBOOK!$R$6:$R$55,MATCH(G15,GRADEBOOK!$S$6:$S$55,0))) | L15: =IF(H15="","",INDEX(GRADEBOOK!$D$6:$D$55,MATCH(G15,GRADEBOOK!$S$6:$S$55,0)))
A16: Failed Attendance | B16: =COUNTIF(GRADEBOOK!R6:R55,"FAILED - ATTENDANCE") -> 0 | G16: 5 | H16: =IFERROR(INDEX(GRADEBOOK!$C$6:$C$55,MATCH(G16,GRADEBOOK!$S$6:$S$55,0)),"") | I16: =IF(H16="","",INDEX(GRADEBOOK!$P$6:$P$55,MATCH(G16,GRADEBOOK!$S$6:$S$55,0))) | J16: =IF(H16="","",INDEX(GRADEBOOK!$Q$6:$Q$55,MATCH(G16,GRADEBOOK!$S$6:$S$55,0))) | K16: =IF(H16="","",INDEX(GRADEBOOK!$R$6:$R$55,MATCH(G16,GRADEBOOK!$S$6:$S$55,0))) | L16: =IF(H16="","",INDEX(GRADEBOOK!$D$6:$D$55,MATCH(G16,GRADEBOOK!$S$6:$S$55,0)))
G17: 6 | H17: =IFERROR(INDEX(GRADEBOOK!$C$6:$C$55,MATCH(G17,GRADEBOOK!$S$6:$S$55,0)),"") | I17: =IF(H17="","",INDEX(GRADEBOOK!$P$6:$P$55,MATCH(G17,GRADEBOOK!$S$6:$S$55,0))) | J17: =IF(H17="","",INDEX(GRADEBOOK!$Q$6:$Q$55,MATCH(G17,GRADEBOOK!$S$6:$S$55,0))) | K17: =IF(H17="","",INDEX(GRADEBOOK!$R$6:$R$55,MATCH(G17,GRADEBOOK!$S$6:$S$55,0))) | L17: =IF(H17="","",INDEX(GRADEBOOK!$D$6:$D$55,MATCH(G17,GRADEBOOK!$S$6:$S$55,0)))
G18: 7 | H18: =IFERROR(INDEX(GRADEBOOK!$C$6:$C$55,MATCH(G18,GRADEBOOK!$S$6:$S$55,0)),"") | I18: =IF(H18="","",INDEX(GRADEBOOK!$P$6:$P$55,MATCH(G18,GRADEBOOK!$S$6:$S$55,0))) | J18: =IF(H18="","",INDEX(GRADEBOOK!$Q$6:$Q$55,MATCH(G18,GRADEBOOK!$S$6:$S$55,0))) | K18: =IF(H18="","",INDEX(GRADEBOOK!$R$6:$R$55,MATCH(G18,GRADEBOOK!$S$6:$S$55,0))) | L18: =IF(H18="","",INDEX(GRADEBOOK!$D$6:$D$55,MATCH(G18,GRADEBOOK!$S$6:$S$55,0)))
G19: 8 | H19: =IFERROR(INDEX(GRADEBOOK!$C$6:$C$55,MATCH(G19,GRADEBOOK!$S$6:$S$55,0)),"") | I19: =IF(H19="","",INDEX(GRADEBOOK!$P$6:$P$55,MATCH(G19,GRADEBOOK!$S$6:$S$55,0))) | J19: =IF(H19="","",INDEX(GRADEBOOK!$Q$6:$Q$55,MATCH(G19,GRADEBOOK!$S$6:$S$55,0))) | K19: =IF(H19="","",INDEX(GRADEBOOK!$R$6:$R$55,MATCH(G19,GRADEBOOK!$S$6:$S$55,0))) | L19: =IF(H19="","",INDEX(GRADEBOOK!$D$6:$D$55,MATCH(G19,GRADEBOOK!$S$6:$S$55,0)))
G20: 9 | H20: =IFERROR(INDEX(GRADEBOOK!$C$6:$C$55,MATCH(G20,GRADEBOOK!$S$6:$S$55,0)),"") | I20: =IF(H20="","",INDEX(GRADEBOOK!$P$6:$P$55,MATCH(G20,GRADEBOOK!$S$6:$S$55,0))) | J20: =IF(H20="","",INDEX(GRADEBOOK!$Q$6:$Q$55,MATCH(G20,GRADEBOOK!$S$6:$S$55,0))) | K20: =IF(H20="","",INDEX(GRADEBOOK!$R$6:$R$55,MATCH(G20,GRADEBOOK!$S$6:$S$55,0))) | L20: =IF(H20="","",INDEX(GRADEBOOK!$D$6:$D$55,MATCH(G20,GRADEBOOK!$S$6:$S$55,0)))
G21: 10 | H21: =IFERROR(INDEX(GRADEBOOK!$C$6:$C$55,MATCH(G21,GRADEBOOK!$S$6:$S$55,0)),"") | I21: =IF(H21="","",INDEX(GRADEBOOK!$P$6:$P$55,MATCH(G21,GRADEBOOK!$S$6:$S$55,0))) | J21: =IF(H21="","",INDEX(GRADEBOOK!$Q$6:$Q$55,MATCH(G21,GRADEBOOK!$S$6:$S$55,0))) | K21: =IF(H21="","",INDEX(GRADEBOOK!$R$6:$R$55,MATCH(G21,GRADEBOOK!$S$6:$S$55,0))) | L21: =IF(H21="","",INDEX(GRADEBOOK!$D$6:$D$55,MATCH(G21,GRADEBOOK!$S$6:$S$55,0)))
A36: Component | B36: Average
A37: Attendance | B37: =IFERROR(AVERAGEIF(GRADEBOOK!D6:D55,">0"),0) -> 0
A38: Quizzes | B38: =IFERROR(AVERAGEIF(GRADEBOOK!F6:F55,">0"),0) -> 0
A39: Activities | B39: =IFERROR(AVERAGEIF(GRADEBOOK!H6:H55,">0"),0) -> 0
A40: Projects | B40: =IFERROR(AVERAGEIF(GRADEBOOK!J6:J55,">0"),0) -> 0
A41: Midterm | B41: =IFERROR(AVERAGEIF(GRADEBOOK!L6:L55,">0"),0) -> 0
A42: Final Exam | B42: =IFERROR(AVERAGEIF(GRADEBOOK!N6:N55,">0"),0) -> 0
